Codigo,Nombre,Direccion,Ciudad,NivelAcad,TotalAlumnos
9220200,Brennan Sims,244-1335 In Street,Melilla,S,814
7963194,Celeste Moody,Ap #693-8753 Ridiculus Street,Tarnów,U,1616
6113982,Perry Whitley,4179 Pretium Avenue,Gore,P,1904
2099304,Dominique Palmer,3340 Vehicula. Rd.,Ocaña,P,1258
6422700,Eliana Delgado,106-5208 Ultrices Ave,Judenburg,U,821
4488186,Laura Goodman,"1786 Et, St.",Alexandra,S,1559
2296774,Lee Stanley,"P.O. Box 340, 3355 Vitae, Ave",Tengah,S,1745
7362561,Ginger Palmer,384-2397 Vitae Avenue,Bida,S,2472
7367324,Mercedes Jennings,"P.O. Box 344, 3225 Cum Rd.",Port Lincoln,P,505
7989697,Cherokee Gamble,Ap #292-5648 Magna Street,Huancayo,P,828
8917437,Hedwig Conway,113-5569 Cras Avenue,Tacurong,U,1375
4312923,Olympia Goodwin,4758 Diam Road,Bukit Merah,U,1382
6645490,Amal Sutton,6647 Dictum Street,Dublin,S,2121
7368389,Candice Goff,736-710 Libero Street,Neufeld an der Leitha,P,2166
6978111,Xantha Peters,491-7198 Magna Street,Halle,P,1868
9129010,Beverly Aguilar,Ap #507-9610 Duis Av.,Naga,S,1821
7255771,Marshall Leblanc,513-9395 Lobortis Av.,Campomarino,U,2155
8153812,Ross Bonner,Ap #591-758 Dolor. St.,Belfast,S,915
4281607,Jerome Mills,"P.O. Box 711, 1911 Ligula. Avenue",Arequipa,U,1288
7173548,Anika Alston,"8273 Nec, Rd.",Khmelnytskyi,P,1150
1157133,Nicholas Ashley,Ap #540-3104 Imperdiet Road,Alphen aan den Rijn,S,933
5964059,Kermit Cox,Ap #183-576 Non Av.,Matamoros,P,2417
4667785,Beck Hutchinson,641-1764 Feugiat Avenue,Kuruman,S,699
4694422,Bethany Malone,451-9865 Arcu St.,Cessnock,S,887
3300900,Luke Cruz,"467-396 Eget, Ave",Nowshera,P,2187
2989789,Madeson Clayton,"P.O. Box 869, 2989 Lacinia Avenue",Ninh Bình,P,1562
8524687,Ashton Casey,Ap #127-5105 Nunc St.,St. Neots,P,2341
9277605,Rae Bartlett,"P.O. Box 449, 2749 Libero Avenue",Ligao,S,1613
9503192,Matthew Gutierrez,243-3979 Lorem Road,Huntsville,P,1268
4160245,Shelby Wise,7421 Ante. St.,Pachuca,P,1991
2208265,Uriah Mcdonald,Ap #977-1026 Phasellus Av.,Talara,P,1987
7572205,Ori Cunningham,989-1912 Felis. Street,Hallein,P,2454
4930869,Courtney Mcmahon,"9768 Odio, Road",Cork,S,2163
4865024,Dominic Holden,"Ap #360-2256 Lobortis, Av.",Stavanger,P,586
2395086,Tanner Garrett,"Ap #718-9670 Aliquet, Street",Dublin,U,1236
4465137,Paul Chan,Ap #994-4109 Ut Road,Chepén,P,961
2443115,Chanda Caldwell,"P.O. Box 564, 5722 Nec Avenue",Virginia,S,977
1550356,Hector Oliver,Ap #570-4683 Eu Rd.,Qinghai,P,504
2435933,Wylie Richard,275-7869 Erat St.,Dapitan,S,1763
1612631,Addison Gonzales,"P.O. Box 619, 6392 Eget Ave",Jeonju,S,1218
2729719,Kathleen Kline,Ap #957-1678 Quis Rd.,Astore,S,2471
4011124,Rudyard Duke,Ap #393-166 Sem Av.,Sint-Andries,I,630
4754065,Ivan Bentley,146-4823 Nam Av.,Chungju,I,1334
7131196,Sandra Booth,114 Pharetra Street,Vashkivtsi,S,2399
3485231,Conan Rollins,5129 Donec St.,Dapitan,I,1851
3956343,Noel Albert,"P.O. Box 272, 4596 Nulla. Ave",Poggio Berni,U,767
6690044,Emma Pickett,Ap #450-7270 Consequat St.,Vienna,S,799
6102579,Abbot Maynard,"P.O. Box 867, 5369 Aliquet St.",San Joaquín,S,1080
5185152,Adara Dunn,"2729 Eleifend, Rd.",Krugersdorp,P,1606
9645354,Jael Combs,732-6031 Consectetuer Av.,Guangxi,P,2333
7628008,Yen Park,8901 Tempor St.,Penza,I,2033
2399609,Guy Knowles,"P.O. Box 263, 5775 At St.",Los Angeles,U,1318
6440950,Whitney Ayers,870-9976 Per Avenue,Juazeiro do Norte,S,2398
1896966,Hop Mooney,"P.O. Box 777, 3602 Sed Rd.",Santa Rosa,S,1252
8349280,Chase Glenn,564-392 Dictum Road,Varash,U,2476
2375002,Levi Page,"Ap #999-6270 Congue, Street",Hebei,S,595
7869732,Lisandra Carlson,804-2406 Mollis Av.,Auckland,I,1690
4524519,Mufutau Willis,"P.O. Box 659, 978 Eu Rd.",Opole,S,916
3289716,Ryan Mccall,1926 Ridiculus Rd.,Kristiansund,S,2155
6702631,Dennis Wright,417-7015 Sollicitudin Street,Guben,I,1123
7218044,Elmo Bird,464-8091 Nullam Street,Joinville,S,1397
9382093,Quinlan Kim,Ap #508-9167 Urna Rd.,Dublin,I,558
8334402,Damon Newton,443-964 Aenean St.,Biała Podlaska,I,1816
7047497,Xena Fuentes,714-3050 Et Rd.,Haveli,I,2236
4058664,Farrah Terrell,"276-2756 Elementum, Rd.",Ballarat,P,2396
7130634,Eric Alexander,"Ap #629-2251 Id, Av.",Béziers,S,1356
7125943,Jamal Chavez,5713 Sed Rd.,Mandai,U,2097
1721038,Skyler Combs,400-1402 Non Street,Tân An,P,870
3403293,Hannah Coleman,371-4666 Lacus. Ave,Puerto Princesa,S,2316
1260553,Nissim Blair,313-5326 A Av.,Braunau am Inn,S,1162
2228016,Chava Park,Ap #691-4780 Malesuada. Rd.,Port Augusta,S,1361
5737434,Callie Cleveland,Ap #767-5807 Eu Av.,Port Augusta,P,2410
1064476,Hanae Everett,"518-8285 Elit, St.",Jönköping,P,1312
4981431,Karly Battle,738-6775 Quisque Ave,Cambridge Bay,P,1547
5567802,Zeph Ward,617-3941 Nullam Road,Malloa,S,2179
6256845,Bell Garner,293-8172 Eleifend St.,Tula,S,1625
6256721,Stuart Odom,807-845 Integer St.,Surendranagar,U,1197
3891532,Madison Schwartz,4757 Sit Rd.,Tortel,I,555
4994175,Wang Johnson,Ap #756-8128 Eget Rd.,Puerto Princesa,S,1839
7214598,Troy Briggs,Ap #658-6918 Ridiculus Avenue,Lewiston,P,2244
5012224,Amir Mathis,321-1040 Adipiscing Avenue,Pike Creek,S,1230
4035429,Reed Cantu,299-9240 Cras St.,Patos,P,2492
4772281,Lillian Beach,9071 At Avenue,Marine Parade,S,1257
5934835,Helen Hall,Ap #775-3726 Erat St.,Tintigny,I,1214
5558566,Uriel Jackson,"Ap #732-5981 Eu, Road",Santander,S,1980
7925508,Nathan Rivers,156-1195 Natoque St.,Bourges,S,827
5970364,Ian Whitehead,9892 Magna St.,Forbach,S,834
5661439,Julie Patrick,673-1031 Adipiscing Avenue,Pervomaisk,P,1889
1421908,Gareth Peterson,Ap #624-6206 At Avenue,Erciş,S,1552
5510637,Noelani Stanley,Ap #584-4303 Rhoncus. Street,McCallum,I,1664
8184648,Guy Macdonald,544-8746 Dolor Road,Orhangazi,P,2164
8289983,Colby Pugh,974-7422 Lobortis Road,Rzeszów,S,595
1492966,Mollie Pearson,Ap #255-5435 Eu Avenue,Greenwich,P,1932
1668712,Kaseem Joyner,367-6245 Accumsan Rd.,Berdychiv,P,2195
3320109,Elton Maxwell,Ap #307-3981 Euismod St.,Huacho,U,2077
5571404,Cullen Vincent,"P.O. Box 460, 4898 Vulputate, Av.",Buguma,P,518
6944372,Elizabeth Ingram,Ap #883-4343 Lorem Street,Canberra,S,1572
2955689,Ishmael Reyes,Ap #946-9510 Libero. Rd.,Galway,P,1987
3777123,Brooke Odom,Ap #311-9560 Feugiat Avenue,Morelia,S,2020
7337804,Regina Jackson,Ap #940-416 Mi Avenue,Palopo,P,1222
3557978,Xander Leonard,919-2054 Risus. St.,Napier,U,1724
7444990,Caesar Bowman,"Ap #514-7465 Ut, Av.",Kędzierzyn-Koźle,S,1619
1876357,Hermione Mcbride,"Ap #246-941 Vel, St.",Canberra,P,2462
2918284,Quyn Mills,6784 Gravida St.,Puerto Princesa,S,1757
8500028,Rebekah Harrison,849-6915 Vel Rd.,Korosten,S,2444
4885780,Zachary Morin,"837-7712 Nec, Rd.",Coihueco,S,1458
6580813,Tatum Guy,Ap #256-8899 Duis Road,Maiduguri,S,982
8934763,Aphrodite Mitchell,"P.O. Box 730, 8568 Malesuada Avenue",Nederhasselt,I,2395
2130200,Ulric Baxter,627-3219 Tortor. Road,Oklahoma City,I,1277
4226733,Denise Jensen,Ap #234-6659 Sapien. Ave,Sint-Michiels,U,1878
5545418,Madison Strong,Ap #759-7832 Proin Rd.,Poznań,S,1567
9669494,Illiana Edwards,"P.O. Box 165, 307 Velit Av.",Belfast,U,2372
8747485,Zephr Byrd,Ap #945-5793 Sed St.,Alta,P,2187
9248568,Hamilton Weeks,112-1221 Duis Avenue,Akşehir,S,598
6195425,Mari Noble,Ap #688-7534 Vestibulum Ave,Panjgur,U,749
7180456,Claire Holcomb,"995-5829 Risus, St.",Nagar,P,766
5202754,Patience Singleton,712-3049 Vel Av.,Elbląg,U,647
4865797,Cynthia Pierce,"P.O. Box 917, 9420 Praesent Road",Kumluca,I,1788
7982124,Hector Hopper,Ap #911-3293 Massa. Road,Tabuk,S,875
1006989,Thor Simpson,914-9994 Nulla Av.,Canberra,S,1793
1460476,Sage Woodward,Ap #421-1882 Sed Rd.,Puerto López,U,1982
2077660,Hilel Reed,Ap #371-3366 Maecenas Rd.,Madison,S,1866
3161396,Quentin Hutchinson,Ap #946-4937 Eget Rd.,São José,S,2284
6011118,Cedric Daugherty,937-8461 Amet Av.,Tilburg,S,2297
6565750,Wang Marshall,377-8766 Orci. Avenue,Murcia,S,1690
2778327,Beverly Dean,236-7861 Curae Rd.,Brisbane,P,1736
6151874,McKenzie Hart,"P.O. Box 825, 4896 Eleifend, Street",Liverpool,S,1239
8504133,Ori Hamilton,Ap #435-1064 Nec Rd.,Augusta,S,1690
2204291,Lacota Floyd,540-4110 Ut Street,Skudeneshavn,I,2174
2667810,Ashton Sosa,Ap #736-5995 Pretium Road,Antofagasta,S,1139
5188366,Zachary Patterson,"Ap #330-5481 Enim, Street",Minneapolis,S,2261
2276111,Ferdinand Briggs,7175 Eget Street,North Waziristan,U,1321
3891825,Graham Tucker,117-9816 A St.,Semarang,S,1145
3104236,Jelani Quinn,"P.O. Box 205, 4065 Feugiat. St.",Neubrandenburg,S,1005
4993714,Sharon Lynn,789-9308 Eget St.,Serang,S,1572
3742415,Neil Bartlett,Ap #949-5472 Amet Street,Macau,S,551
5847134,Ila Weiss,"P.O. Box 757, 9482 Massa. Avenue",Liberia,S,1384
6273146,Wynter Carroll,Ap #145-8233 Sociosqu Rd.,North Saanich,S,2046
4146934,Irma Gamble,Ap #363-6598 Cursus Rd.,Sankt Johann im Pongau,U,564
5074547,Marcia Lynn,Ap #707-708 Sit Road,Liévin,S,2473
1745290,Britanni Wall,408-636 Felis. Rd.,Fusagasugá,S,1832
7192088,Nell Leblanc,957-2121 Donec Rd.,Baden-Baden,U,2245
4305660,Cassidy Bryant,595-9622 Duis Street,Saint Paul,I,823
1570168,Maya Walton,"P.O. Box 313, 3412 Morbi Rd.",Glasgow,U,564
7090579,Noelani Berg,"P.O. Box 629, 2620 Vel Rd.",Auburn,P,2095
7854905,Keiko Petty,"Ap #484-8011 Vitae, Rd.",Ararat,I,1120
4317341,Lilah Walls,"P.O. Box 640, 5839 Tempus, Street",Sosnowiec,S,2345
1139497,Mariam Kennedy,"P.O. Box 247, 4122 Sit Avenue",Feldkirchen in Kärnten,U,881
1849987,Roanna Fletcher,759-2117 Nibh St.,Kawerau,S,863
1930617,Quyn Holder,Ap #103-7794 Est Street,Serang,S,1797
1553020,Kylynn Mayo,357-7337 Sem Rd.,Camiña,S,1243
8443854,Jesse Bennett,"Ap #440-8790 Et, Road",Silifke,P,1469
9035990,Brock Hendricks,8048 Nunc St.,Schoonaarde,S,1774
8620576,Ralph Bradford,7672 Malesuada St.,Ludvika,P,822
7859156,Wade Nieves,Ap #949-3975 Luctus St.,Thanh Hóa,P,2123
7322785,Callie Mcclure,388-3025 Nisi Road,Flushing,S,2041
6586844,Jemima Hanson,"P.O. Box 951, 8834 Sagittis. Rd.",Galway,S,1859
4356078,Marsden Golden,Ap #180-2721 Enim. Av.,Straits View,S,1072
9406765,Brendan Hebert,693-4910 Ac Ave,Jecheon,P,1780
5693678,Lars Serrano,"P.O. Box 167, 8116 Amet St.",Guápiles,P,650
6636046,Wing Maynard,353-2033 Quisque Av.,Ivano-Frankivsk,S,1434
2991941,Kelly Holden,2897 Sodales Avenue,Tehuacán,S,2293
5355235,Brock Good,Ap #829-5661 Eu Rd.,Bregenz,S,1666
6985065,Wayne Trujillo,2721 Sodales Street,Hengelo,S,1360
5908792,Tamekah Salazar,847-8145 Sem Ave,Yeosu,S,828
2989517,Laura Collier,459 Aliquam St.,Bagh,I,2430
1969770,Kadeem Keller,Ap #859-7245 Odio Avenue,Mandurah,I,820
3645148,Giacomo Cervantes,"P.O. Box 885, 7540 At Street",Tulsa,P,2062
3339135,Judah Roman,7529 Aenean St.,Hofors,S,2081
5481831,Fitzgerald Barr,"P.O. Box 689, 4397 Fermentum Av.",Warszawa,P,2478
9342086,Nina Rollins,Ap #286-4269 Feugiat. Avenue,Yekaterinburg,P,2114
9447372,Illiana Roman,Ap #577-5695 Aliquet Rd.,Chepén,P,1448
2530414,Graiden Good,"Ap #267-3047 Dui, Street",Chilliwack,P,1451
3014951,MacKenzie Whitley,5132 Faucibus St.,Bamberg,P,2422
5301382,Gemma Vaughn,Ap #877-2995 Maecenas Street,Dublin,I,1846
1544461,Rinah Fuentes,309-5730 Eget Ave,Arequipa,S,1709
8538100,Kasper Lindsay,"P.O. Box 532, 339 Dictum Street",Murmansk,U,2243
5557202,Jeremy Manning,6095 Dui. Rd.,Pittsburgh,S,1164
1304132,Amal Lancaster,"Ap #621-334 Orci, Ave",Andernach,P,1661
5952638,Harding Avery,9531 Arcu. Rd.,Charsadda,I,1880
3911799,Lamar Gentry,367-1874 Tortor Road,Yeoju,S,2032
1489256,Lucy Marks,"Ap #862-6873 Ornare, St.",Arica,I,2170
3482180,Astra Turner,302-8819 Sit St.,Otukpo,P,1207
8852468,Channing Collins,Ap #545-2575 Lacus. Avenue,Whyalla,U,2121
4829087,Shaine Dale,239-1864 Ipsum. St.,Libramont-Chevigny,U,817
8279818,Fiona Huff,2648 Sem Rd.,Porsgrunn,U,2016
3168575,Jared Lopez,Ap #225-9425 Lectus Street,Massimino,U,983
3156194,Nell Gilmore,683-4734 Donec Av.,Gönen,U,1958
2105272,Ria Hardin,"Ap #287-7476 Vulputate, Rd.",Gdynia,P,594
6323880,Igor Barnes,382-8338 Lacus. Avenue,Yurimaguas,S,1549
5069798,Macon Chambers,998-9067 Ut Road,Chimbote,I,2182
7575346,Amir Cochran,"P.O. Box 150, 5219 Pellentesque Av.",Ang Mo Kio,P,1193
3038838,Zia Taylor,767-9893 Ac Street,Potchefstroom,S,1504
4227556,Aidan Davis,Ap #785-2407 Curabitur Ave,Bremen,P,2053
2946774,Gil Perry,614-841 Ultricies Av.,Awka,P,1417
5473101,Eve Mathews,585 Ipsum. Rd.,Szczecin,P,2080
8062706,Harrison Hart,8498 Dolor St.,Poederlee,I,1105
5346136,Lois Alston,"P.O. Box 381, 3213 Commodo Avenue",Avesta,S,721
9976196,Amal Spencer,"878-4561 Sem, St.",Vagli Sotto,P,1396
9355987,Louis Conrad,"P.O. Box 674, 3838 Eu Rd.",Kohistan,P,1931
7546208,Rosalyn Cotton,"P.O. Box 699, 2342 Nunc Street",Tam Kỳ,P,2015
6375310,Ezekiel Luna,Ap #120-8555 Ac Ave,Rosoux-Crenwick,U,579
8445891,Carson Cardenas,Ap #425-9135 Auctor Street,Rezé,P,1014
3087596,Aileen Tanner,"218-2602 Scelerisque, Avenue",Quimper,S,2089
9828631,Hall Douglas,636-9262 Nulla Ave,Dublin,S,1079
2881929,Colorado Pena,418-9376 Maecenas Street,Tiel,P,678
3249786,Mason Good,"8790 Erat, Rd.",Rustenburg,S,1465
8259580,Aaron Ortega,4163 Et St.,Orange,P,1197
5747462,Ralph Hatfield,6253 Velit. Avenue,Alexandra,U,1751
2251198,Macon Gomez,"Ap #329-9949 Elit, Ave",Canoas,P,809
7108856,Jordan Wagner,Ap #902-1824 Morbi Street,Warszawa,S,765
8677749,Hilel Deleon,704-7873 Enim. Avenue,Develi,U,994
7241543,Madaline Leon,239-221 Sagittis. Avenue,Tam Kỳ,S,1237
2840068,Robin Lewis,"P.O. Box 895, 1024 Ullamcorper. Street",Nieuwegein,U,1782
7833813,Jada Harrell,5916 Neque Street,North Shore,S,1967
1084534,Stephen Garcia,Ap #690-6810 Donec Ave,Poznań,S,611
4804474,Valentine Sparks,8681 Diam. Rd.,Palmerston,U,749
1309911,Owen Riddle,555-8238 Donec Road,Tehuacán,S,2194
5055403,Naida Franks,8079 Erat St.,Draguignan,P,1227
1937465,Macey Ramsey,Ap #458-759 Pede Avenue,Monterrey,U,517
9754002,Troy Bass,946-3876 Magna. Rd.,Bislig,P,1109
5346255,Forrest Cantu,"P.O. Box 976, 7827 Euismod Av.",Kostroma,P,2291
7920891,Jemima Harrell,Ap #613-6885 Neque St.,Miami,U,1462
4338569,Sylvia Murray,Ap #894-9580 Non St.,Vetlanda,S,2245
4470653,Cora Peck,566-1487 Ultricies Street,Thái Nguyên,U,2497
7020761,Allen Fernandez,Ap #831-2659 Sed Rd.,Outram,P,1652
2836475,MacKenzie Sandoval,Ap #270-2100 Mi. St.,Ulm,S,1663
1932343,Ebony Green,808-8073 Dis Av.,Linköping,S,1409
5540871,Brett Mcclain,641-272 Mi Av.,Anchorage,P,2017
9295777,Madeline Dalton,136-1101 Aenean Rd.,Guápiles,U,1608
8499250,Zephania Whitney,286-3550 Et St.,Bunbury,S,788
1467076,Ira Chase,Ap #959-9730 Sed Rd.,Whangarei,S,1379
9551734,Eliana Walls,Ap #334-679 Diam St.,Barranca,P,2398
5113467,Hector Holder,"P.O. Box 735, 6424 Orci, Street",Oslo,S,959
4001219,Jesse Sloan,425-8080 Maecenas Av.,Banda Aceh,I,2315
9788391,Louis Compton,644-9226 Eleifend Street,Biên Hòa,P,1713
3050072,Lars Hobbs,"P.O. Box 136, 3220 Facilisis Avenue",Bajaur Agency,S,2183
5984956,Zeus Moss,Ap #574-8670 Mauris. Av.,Suruç,I,1982
6290737,Caesar Estrada,441-2997 Ligula Road,Thionville,I,877
5012169,Adara Mendez,"Ap #530-7165 Mi, St.",San Rafael Abajo,I,2237
9260165,Scarlet Jenkins,241-5389 Porttitor Av.,Lelystad,S,1931
5587276,Fritz Price,"P.O. Box 503, 8493 Ligula. Street",Zapopan,S,726
5382570,Anika Goodman,536-6951 Nam Road,Paju,P,2018
1391088,Sarah England,162-463 Tempus Av.,Chiny,P,1626
1758657,Macy Mooney,5203 Vulputate Street,Medan,P,1905
6553614,Emmanuel Fischer,Ap #365-6243 Nec Rd.,Chepén,U,1142
2423158,Violet Olsen,283-715 Facilisis St.,Caen,S,559
9360110,Flavia Figueroa,763-5754 Praesent St.,Henan,P,2434
8065405,Maite Mcclain,"P.O. Box 301, 213 Lorem Street",Charlottetown,S,2490
2704230,Preston Ward,"707-8278 Amet, Rd.",Cao Lãnh,P,1779
3982203,Linus Johnston,Ap #671-4978 Nulla Ave,Máfil,S,1674
2151318,Evan Beach,"P.O. Box 955, 565 Montes, Road",Hong Kong,P,1621
4770296,Dean Ball,Ap #349-3621 Dui. Rd.,Kohat,U,557
9329889,Haley Walter,Ap #523-837 Primis St.,Lipetsk,P,871
2494700,Olympia Conway,7675 Sit St.,Pangnirtung,P,797
3525249,Honorato Sykes,3510 Lobortis Avenue,St. Andrä,P,850
4874446,Isabella Solomon,"P.O. Box 275, 8655 Gravida St.",Port Blair,I,2115
1799974,Ulysses Hutchinson,4387 Arcu. St.,Fayetteville,U,1071
1997680,Lamar Woodward,216-3933 Sagittis Road,Fort Smith,P,2187
3219931,Winifred Mckinney,"P.O. Box 740, 4365 Erat. Street",Güssing,S,2276
6500527,Roth Floyd,214-2370 Dictum. Av.,Burnaby,U,2410
1331411,Roary Yang,"Ap #435-7180 Montes, Ave",Borgomasino,P,1077
8539583,Zenia Marks,591-6752 Sed St.,Daejeon,S,1764
7778571,Chandler Conner,480-179 Ante Ave,Juazeiro do Norte,P,2446
6703867,Jarrod Benjamin,Ap #191-1345 Sapien St.,Joondalup,P,2445
9442391,Rana Watson,1364 Cras Street,Odessa,I,845
5527938,Robin Tyler,1529 Malesuada Street,Port Pirie,U,597
2885361,Ulla Espinoza,"P.O. Box 424, 4914 Aliquam Street",Angers,I,523
6010049,Claire Byrd,841-4344 Ligula Avenue,Laren,S,1007
1412481,Xander Anthony,263-5479 Posuere St.,General Santos,P,999
1336355,Lacey Norton,"9437 Elit, Av.",Elverum,P,2385
9465661,Amethyst Moore,694-6555 Varius. Road,Huancayo,P,850
5853068,Tanner Weaver,Ap #505-3210 Lectus Av.,Sakhalin,U,1039
8513125,Delilah Mcdowell,Ap #149-874 Risus. Ave,Pınarbaşı,P,2395
6338116,Keefe Avery,817-3446 Sit Street,Oslo,U,1377
2437111,Alec Schroeder,"P.O. Box 762, 4400 Mi Rd.",Kherson,S,1361
3315762,Jeremy Carney,"Ap #345-8631 Et, St.",Bajaur Agency,I,2116
9047443,Brendan Hughes,Ap #127-4045 Fermentum Rd.,Bischofshofen,U,1220
2276602,Karleigh Simon,"276-9224 Erat, Road",Jiangsu,P,1498
9399105,Wyatt Bowers,5788 Mauris Street,New Plymouth,P,2421
7705215,Driscoll Shelton,341-3994 Eget St.,Jilin,P,1283
1681993,Delilah Maddox,"P.O. Box 129, 6755 Fusce St.",Mexicali,S,545
9248375,Evangeline Herrera,Ap #611-6038 Augue Street,Chepén,I,2150
6118479,Xaviera Noel,979-1432 Suscipit Rd.,Acquafredda,I,2126
1773402,Stewart Mcmahon,"P.O. Box 856, 1112 Dolor, Street",San Juan de la Costa,I,501
8545847,Philip Nichols,"P.O. Box 843, 9477 Mi Road",Pereira,U,543
1126212,Micah Bryan,161 Dui Rd.,Cabadbaran,U,526
1891883,Uma Weber,"869-8331 Amet, Avenue",Abbeville,P,2258
2657428,Sawyer Moses,Ap #611-867 Diam St.,Hereford,S,557
5640377,Bertha Dean,Ap #328-1012 Augue Rd.,Ceuta,P,1408
8897238,Dieter Wood,"417-3878 Nec, St.",Dietzenbach,S,677
1696076,Sean Marshall,5278 Lobortis Rd.,Hastings,S,2187
5543787,Ainsley Holland,"665-2703 Pede, St.",Đà Nẵng,S,1787
6057215,MacKenzie Cunningham,"P.O. Box 182, 6135 Magna St.",Stonewall,P,1346
1732567,Ruth Bryan,"P.O. Box 842, 8750 Ligula Road",Tapachula,I,1086
4891594,Sylvester Fischer,Ap #353-1583 Quisque Ave,Hamburg,P,1611
7407051,Howard Gilmore,2662 Enim Road,Penza,S,797
2293656,Wade Rodgers,Ap #189-9104 Suspendisse Rd.,Zamora de Hidalgo,P,1726
4724095,Zenaida Barry,678-4769 Nascetur Ave,Mamuju,P,1105
8784627,Damian Leblanc,3043 Nunc Avenue,Irpin,U,635
4388152,Callie Walters,"Ap #719-7332 Vitae, St.",Pabianice,P,1253
6942390,Melyssa Kelley,"Ap #956-3024 Pharetra, St.",Hastings,S,2310
8497011,Silas Chase,"P.O. Box 653, 1234 Consectetuer Rd.",Bregenz,S,1618
5133818,Nissim Hawkins,Ap #620-6568 Pharetra. St.,Mount Pearl,U,543
9503739,Ulysses Henson,696-1400 Nunc Avenue,Odda,I,946
4722273,Salvador Lamb,300-1955 Imperdiet Rd.,Offenbach am Main,U,803
2977937,Giselle Mcknight,Ap #237-5245 Integer Ave,Maullín,U,1300
5428582,Brock Snyder,Ap #259-4220 Nonummy St.,Fundación,P,1368
2705513,Imani Levine,Ap #914-7461 Et Road,Tampines,S,2425
9235020,Jesse Stout,Ap #530-9572 Gravida Rd.,Vienna,P,1777
2816963,Channing Cooley,"P.O. Box 633, 9044 Non Avenue",Guadalajara,P,1751
3684759,Mannix Collins,979-3925 Class Rd.,Davao City,U,2480
3069306,Wylie Kelley,Ap #199-2893 Euismod Avenue,Voronezh,U,566
6328247,Baxter Pacheco,"P.O. Box 197, 2152 Neque Road",Sandefjord,S,1691
4785667,Carolyn Strickland,9326 Et Avenue,Pınarbaşı,I,2244
1534335,Maile Chang,1204 In Rd.,Ciudad Obregón,U,1077
5096840,Wynne Oneal,588-5639 Magna. St.,Booischot,P,1558
3854310,Regan Lyons,513-9333 Sapien. Rd.,Tomsk,P,2115
1409332,Remedios Zimmerman,"P.O. Box 996, 3508 Arcu. Rd.",Lithgow,I,1558
5454154,Barclay Maddox,235-5323 Vivamus St.,Sokoto,S,2267
2800081,Sigourney Hahn,192-5838 Elit Rd.,Rustenburg,I,1473
1808958,Hyatt Hodge,"223-2904 Ac, Street",Pontevedra,S,910
2908825,Rudyard Pace,Ap #464-9723 Phasellus Road,Aizwal,U,997
2735752,Nadine Mendoza,"P.O. Box 597, 5856 Ornare, St.",Muiden,P,1755
5530534,Nasim Dalton,"P.O. Box 290, 3135 Quis Street",Liaoning,U,1942
6190354,Rama Herman,"929-1228 Pede, Rd.",Almere,U,1154
6711925,Keaton Mcfarland,"P.O. Box 767, 4090 Eget St.",Sapele,S,1198
5582153,Bianca Glass,"647-5941 Ut, Rd.",Imphal,P,1869
6645147,Aquila Crosby,Ap #300-6010 Molestie Avenue,Trondheim,S,896
9826040,Christine Emerson,5450 Dolor Ave,Chortkiv,I,852
9730911,Louis Avila,Ap #907-7628 Natoque Rd.,Cametá,P,2384
2057788,Garrett Ramsey,"P.O. Box 480, 5752 Diam Street",Bandar Lampung,S,2259
8669500,Edward Rivera,"P.O. Box 865, 1648 In Rd.",Cajamarca,P,1781
2970202,Graiden Watson,Ap #294-2848 Laoreet St.,Etterbeek,P,929
6724288,Nasim Sanchez,"Ap #409-3503 Consequat, Road",Semarang,S,2338
6030731,Aristotle Graham,871-9766 Nunc Av.,Hạ Long,U,2211
6507239,Maisie Duncan,Ap #763-7625 Dictum Rd.,Utrecht,P,1416
9570207,Azalia Rosales,182-2470 Aliquam St.,Bad Kreuznach,I,1826
7778000,Minerva Camacho,"Ap #586-3157 Eu, St.",Seogwipo,U,602
4069899,Venus O'connor,962-1203 Ipsum. Rd.,Inuvik,P,1049
8658006,Deacon Coleman,Ap #365-938 Ante Av.,Paderborn,U,871
1173262,Paloma Roach,Ap #209-6870 Varius St.,Curitiba,P,1698
8511207,Fulton Cox,Ap #427-4314 Nulla. Rd.,Houtave,S,1065
6697434,Reece Avila,Ap #981-5461 Amet Rd.,Irkutsk,S,1378
4489277,Wyoming Holland,"P.O. Box 338, 9471 A, St.",Bedok,U,508
3941514,Destiny Barber,553-3106 Mollis Av.,Rivne,P,782
1785392,Sylvia Gonzalez,676-974 Ac St.,Lagos,S,1505
4497671,Miranda Floyd,Ap #936-4455 Condimentum. Avenue,Cotabato City,P,956
9203377,Chandler Callahan,Ap #462-9978 Nec Avenue,Évreux,S,2056
2310619,Richard Wilson,Ap #203-9781 Ullamcorper St.,Melbourne,P,1475
1078210,Ferdinand Frazier,757-1817 Diam St.,Flawinne,S,1250
6098424,Macy Mack,"134-1948 Eu, Ave",Heilongjiang,I,746
2699394,Randall Owens,Ap #175-6208 Fusce St.,São João de Meriti,U,728
8461847,Omar Nieves,4115 Dolor St.,Dovzhansk,S,1040
9912170,Zelda Peters,"127-8572 Orci, Av.",San Giovanni Lipioni,S,1712
4988632,Brennan Huff,"P.O. Box 444, 2841 Ornare. Road",Barranca,S,1396
2885478,Fredericka Burt,430-2233 Vitae St.,Okpoko,U,2409
8048403,Griffin Mcgee,942-1391 Lobortis Rd.,Falun,I,856
8081800,Devin Vaughn,"P.O. Box 138, 7121 Blandit St.",Jurong West,I,2484
1249269,Odysseus Buckley,Ap #114-9708 Orci Rd.,Oslo,S,2294
2963426,Paula Cleveland,Ap #492-5885 Sit St.,Rahimyar Khan,P,1621
3501931,Fitzgerald Mccullough,8809 Ac Rd.,Kollam,S,865
3007379,Kyra Mayo,Ap #477-5703 Quam Avenue,Jackson,U,1431
9702885,Hannah Avery,514-6570 Donec Street,Naga,U,1755
9766584,Karleigh Sweet,Ap #899-3704 Nulla St.,Gorbea,S,654
3101860,Remedios Torres,8392 Non Av.,Penza,S,1627
4255465,Isabella Simon,Ap #631-5881 Cras Rd.,Pica,U,1482
8510697,Amos Dalton,"297-9246 Enim, Ave",Kano,P,2480
6888099,Debra Bean,715-8166 Malesuada Ave,Puerto Carreño,S,2123
1806774,Quin Roberson,"3633 Lorem, Road",Mandal,S,1799
8771899,Victoria Willis,"P.O. Box 762, 182 Quam. St.",Mahikeng,P,2333
7645083,Jade Walls,Ap #647-7644 Iaculis Ave,St. Andrä,S,1609
2254686,Allistair Johnson,Ap #868-9752 Rutrum St.,Çermik,P,1773
9518148,Harlan Barton,"P.O. Box 607, 7197 At Rd.",Denpasar,P,741
3834369,Mufutau Rhodes,"P.O. Box 268, 9669 Aliquam, Rd.",San Vicente de Cañete,P,756
7139948,Dane Strong,9733 Viverra. Av.,Solok,U,528
3881762,Britanney Clay,Ap #198-4013 Morbi St.,Matamoros,P,1284
1670244,Matthew Wright,"P.O. Box 485, 7009 Volutpat Av.",Pekanbaru,S,1976
4881828,Peter Franks,"P.O. Box 921, 2038 Arcu. Rd.",Ingolstadt,P,1527
2588383,Samantha Castro,"P.O. Box 186, 4787 Ut, Rd.",Busan,U,1362
2571973,Madonna Fitzpatrick,"P.O. Box 500, 680 Nunc Avenue",Reading,S,520
6772593,Ulla Vaughan,5538 Amet Road,Khoái Châu,P,1669
4246132,Selma Hopkins,Ap #173-4020 Ligula Av.,Novosibirsk,U,1072
5112511,Garth Stanton,"P.O. Box 134, 1627 Morbi St.",Zamora de Hidalgo,U,938
8953910,Brianna Christian,"P.O. Box 963, 7700 Donec Ave",Mustafakemalpaşa,P,2284
9242690,Margaret Odom,"P.O. Box 895, 3391 Iaculis St.",Puno,I,1880
1560718,Cailin Dodson,"P.O. Box 355, 7866 Lorem, Road",Palembang,P,1449
7349020,Azalia Kelley,Ap #264-5988 Et Ave,Kędzierzyn-Koźle,U,1426
5628218,Maxine Valdez,"P.O. Box 502, 5305 Augue, Street",Teruel,P,1364
4920642,Keegan Lane,"9477 Vel, Ave",Ningxia,U,1549
8691121,Samantha Shields,Ap #350-5594 Cursus Street,Mirpur,P,1146
5561152,Germane Wiley,Ap #599-6355 Purus Ave,Pretoro,P,726
1113509,Salvador Finch,Ap #869-1319 Orci. Road,Salzburg,P,2219
2645442,Jonah Prince,856-6114 Ligula Av.,Mexico City,S,1975
3582219,Barclay Donaldson,Ap #490-3978 Aliquet Road,Osnabrück,P,1589
3321049,Irene Sampson,206-1073 Tincidunt Ave,Champigny-sur-Marne,P,1985
9174708,Rama Mathis,"P.O. Box 725, 6723 Risus. Road",Springs,U,891
4170163,Hayes Griffin,356-4532 Vitae Street,Hervey Bay,P,1086
7979183,Nigel Estrada,2195 Mauris St.,Vetlanda,S,1332
2524799,Abbot Bernard,"P.O. Box 699, 1578 Urna St.",Ernage,S,1791
7524247,Whitney Forbes,423-6788 Enim Road,Warri,U,1817
4943835,Magee Velazquez,801-4027 Risus. Street,Mahikeng,I,2452
3317277,Ashton Petty,"984-5215 Magna, Av.",Kielce,S,1610
6016623,Boris Ratliff,605-6486 Ornare Rd.,Kaduna,S,2233
4262336,Hiram Dixon,Ap #207-6733 Bibendum Rd.,Itajaí,U,2036
5301665,Chaney Maxwell,849-9643 Mattis St.,Ligao,I,1952
6241128,Cassady Crane,478 A Rd.,Blieskastel,P,1028
5789537,Chadwick Carney,Ap #704-1837 Nibh. Rd.,Chemnitz,P,960
7037976,Amela Hunt,988-5357 Diam. Avenue,Qinghai,I,1022
3700579,Alexa Dunn,Ap #105-6963 Faucibus. Rd.,Dunedin,U,1710
1639411,Yoshi Daniel,"P.O. Box 915, 5235 Luctus. Rd.",Vashkivtsi,I,1031
9639032,Tucker Contreras,Ap #984-6073 Sodales Street,Tranås,S,765
1111554,Aileen Fleming,Ap #919-4004 Tincidunt Rd.,Polatlı,S,536
6619735,Griffin Lambert,"Ap #982-1704 Vitae, Rd.",Gore,S,2009
7773684,Hayden Fuentes,Ap #120-9363 Non Street,Kostroma,S,1997
9912045,Kasimir Schneider,779 Blandit. St.,Seshego,P,1843
8206808,Judith Madden,104-6021 Porta St.,Cimahi,S,1943
2806145,Vanna Wynn,"Ap #275-2238 Sapien, St.",Bhimber,S,550
8427409,Plato Gardner,Ap #124-6679 Urna Street,Huasco,P,1027
3348165,Dennis Walters,385-8224 Interdum Av.,Cochrane,U,1758
3250028,Cassidy Webster,"P.O. Box 104, 6720 Sed St.",Paço do Lumiar,U,1801
6627291,Jeanette Walls,"P.O. Box 830, 6876 Ut Ave",Drammen,S,2108
7483048,Walker Gilliam,Ap #844-3252 Metus. St.,Guadalupe,S,2115
7077022,Jolene Ford,1577 Amet Street,Drohobych,S,888
7770386,Hayes Trujillo,8695 Nisl Street,Kurgan,S,1987
1314094,Paul Solomon,Ap #147-6613 Sed Street,Zhejiang,I,731
2244847,Axel Payne,Ap #965-860 Urna Road,Lebowakgomo,P,816
2958597,Len Cameron,911-5965 Feugiat St.,Daejeon,P,2079
2688392,Nolan Skinner,"4150 Auctor, Rd.",Minna,P,826
7133873,Cleo Ortiz,Ap #127-2918 Nullam St.,Qambar Shahdadkot,I,1016
4134463,Henry Owens,"P.O. Box 109, 7900 Tellus. Av.",Osorno,I,2273
2406409,Angelica Wilson,227-692 Ante Ave,Birecik,P,814
9229054,Aristotle Schultz,Ap #175-114 Donec St.,Oberwart,U,1649
3541140,Kaseem Kelly,Ap #321-5201 Luctus Street,Samarinda,S,982
6095423,Robert Rose,161-319 Turpis. Road,Sluis,S,2152
6514392,Jescie Malone,Ap #272-5706 Semper Ave,Toruń,I,2405
5722203,Merritt Barr,Ap #776-6977 In Ave,Thanh Hà,S,1015
3005853,Celeste Nichols,"Ap #204-9956 Et, Ave",Afşin,U,1944
6385263,Idola Lawrence,7242 Ligula Rd.,Elbląg,U,672
7337407,Venus Stanton,955-4504 Erat. St.,Laoag,P,553
3188173,Mikayla Beach,771 Velit Av.,Londrina,P,771
6220144,Celeste Lee,5774 Imperdiet St.,Vitória da Conquista,S,551
7675661,Jena Clayton,"P.O. Box 408, 7948 Ut Street",Yaroslavl,S,922
2512761,Colton Newman,432-7269 Cras Street,Silvan,P,1796
5036781,Camilla Conway,Ap #987-809 Pellentesque Rd.,Blumenau,S,1737
1589937,Catherine Mcfarland,7315 Sit Ave,Dortmund,I,1203
8222853,Stephen Owen,Ap #291-9628 In Rd.,Hilo,P,749
3207132,Keane Whitley,Ap #270-2552 Mi Av.,Lower Hutt,P,1829
5440066,Salvador Cain,694-6186 Erat. Av.,Melton Mowbray,S,1600
3844630,Lane Moran,1772 In Road,Teralfene,S,2375
6607139,Destiny Hebert,"Ap #435-4766 Id, Avenue",Saltara,P,1780
5482133,Kuame Shepherd,951-1055 Sit Road,Kon Tum,U,758
6490425,Dean Witt,"Ap #877-6140 Enim, Street",Grahamstown,I,519
8401329,Scott Berry,5157 Ultricies Rd.,Ansfelden,S,1682
5026413,Nicole Mejia,160-3216 Duis Av.,Florø,P,1666
2908907,Danielle Maldonado,4279 Ipsum St.,Bhimber,S,2149
7414775,Dominique Alvarez,8546 Bibendum Rd.,Paredones,P,2156
7791208,Heather Warner,Ap #201-1376 Vivamus Road,Lelystad,U,2077
8648670,Thomas Lang,241-3466 Lectus Road,Galvarino,I,804
7863172,Zahir Fischer,"335-5045 Enim, Av.",Bandar Lampung,I,1382
8756183,Lewis Lane,2301 Dictum St.,Sankt Johann im Pongau,U,1776
9231300,Patricia Koch,Ap #181-406 Phasellus Avenue,Nelson,P,965
8345206,Veda Dawson,"179-3817 Nec, Avenue",Hijuelas,U,730
2921042,Quon Mccall,577-5087 Penatibus Rd.,Etterbeek,I,645
7280406,Dennis Macias,Ap #871-7286 Magna. Ave,Mercedes,I,753
9151260,Zane Guzman,181-1312 Interdum. Ave,Marlborough,P,2336
3427107,Venus Martinez,"Ap #583-3748 Ac, Rd.",King William's Town,U,733
4329613,Connor Benson,958-9623 Tempus Av.,Maicao,S,1742
2172383,Christen Kirby,449-8120 A Avenue,Gumi,P,1312
6285850,Heidi Molina,Ap #448-3479 Donec Street,Hunan,U,721
3515508,Andrew Spencer,585-3908 Dictum Avenue,Canoas,I,2453
6333095,Kalia Stokes,"P.O. Box 975, 3818 Vitae St.",Panjim,S,648
4618549,Channing Lyons,389-6330 Quisque Road,Sungai Penuh,P,1962
6388540,Fiona Sweeney,"470-9693 Nec, Av.",Hubei,S,1493
9222471,Alea Arnold,911-9262 In St.,Dublin,I,2199
4457766,Kenneth Frazier,629-8568 Pharetra Rd.,Piedras Negras,S,767
9211190,Winter Pickett,9326 Feugiat. Av.,Vierzon,S,1707
8374197,Burton Barron,3811 Proin Rd.,Battagram,S,651
6209776,Jack Burnett,885-1497 Eleifend Avenue,Parchim	City,I,1441
7535098,Fleur Stafford,9998 Convallis Road,Cajamarca,P,2237
9571794,Edan Lowe,Ap #904-8147 Sed Ave,Burnie,P,1307
8735348,Jerry Myers,Ap #357-3874 Amet Av.,Waterloo,P,2130
7194375,Scarlett Mcfarland,"942-5529 Montes, Av.",Huancayo,S,1631
5065397,Isabella Buck,"796-2984 Eget, St.",Boo,P,1927
9626168,Damon Garrett,Ap #547-1230 Lorem St.,Paz de Ariporo,P,1080
4716722,Lee Ballard,425-5295 Netus Av.,Kristiansund,S,2078
6467057,Barrett Roberson,Ap #698-1823 Diam Rd.,Betim,S,992
1125241,Alan Bush,Ap #989-4876 Pellentesque Ave,George,P,2150
5678811,Buckminster Campbell,"P.O. Box 392, 5421 Vitae, Avenue",Kharagpur,U,1175
6531488,John Bridges,989-2453 Fermentum Av.,Hamilton,P,2135
9570227,Willa Mcdaniel,502-5005 Sed Street,Kuruman,I,2492
9121274,Katelyn Perkins,453-9493 Metus. St.,Gongju,P,949
4655500,Scott Parrish,Ap #212-574 Justo Road,Uiwang,S,2280
6299764,Juliet Cantrell,"P.O. Box 361, 4584 Sed St.",Sicuani,P,1179
4060601,Octavius Henson,3161 Mi Ave,Huaraz,P,1193
4856894,Ava Conley,337-242 Enim St.,Vị Thanh,P,1944
7787811,Cassidy Delacruz,925-9990 Eu Ave,Jeongeup,P,772
5163705,Arthur Potts,"P.O. Box 947, 5092 Et Road",Belfast,U,1054
3283306,Audrey Henderson,Ap #294-410 Dictum St.,Iowa City,I,1421
4951751,Ingrid Blackwell,"P.O. Box 797, 8156 In St.",Surat,P,1225
